20101000,Tienda Pepito,2012/06/02,1233,Gaseosa Koka Kola,20,2012/07/20,1233,Gaseosa Koka Kola,10,2012/08/19,2233,Cafe Tostado,10,2012/08/20,1233,Gaseosa Koka Kola,20,2012/09/03,2244,Galletas de Soda Sayon,30,2012/09/04,0250,Huevos Pardos,20
22110500,San Jose,2012/03/10,1233,Gaseosa Koka Kola,20,2012/03/20,2525,Aceite Vegetal,20,2012/04/10,2526,Papel Higienico Suave Sense,30,2012/04/12,1150,Pollo Entero,5,2012/05/02,2233,Cafe Tostado, 20,2012/05/10,1233,Gaseosa Koka Kola,20,2012/05/20,0250,Huevos Pardos,20
21118080,Cosas y Cosas,2012/04/12,22,Platos Plasticos, 100,2012/05/12,1002,Secador,100,2012/06/02,8585,Harina preparada de trigo Blanca Nieve Especial,  25,2012/06/12,2244,Galletas de Soda Sayon, 40,2012/06/20,2233,Cafe Tostado,10,2012/06/22,6955,Jarras de Ceramica China,100
20101233,La Bodeguita,2012/05/04,2344,Gaseosa Koka Kola Zero, 30,2012/05/10,2233,Cafe Tostado,20,2012/05/17,1233,Gaseosa Koka Kola,30,2012/06/10,2244,Galletas de Soda Sayon, 40,2012/06/15,0250,Huevos Pardos,20,2012/07/10,2233,Cafe Tostado,20,2012/07/13,4545,Pan Integral 20 piezas, 20, 2012/08/10,1233,Gaseosa Koka Kola,50,2012/08/14,2244,Galletas de Soda Sayon,30,2012/08/15,0250,Huevos Pardos,25,2012/08/25,1233,Gaseosa Koka Kola,20,2012/08/27,0250,Huevos Pardos,30
21034000,Para tu sed,2012/06/02,1233,Gaseosa Koka Kola,20,2012/07/04,2344,Gaseosa Koka Kola Zero,50,2012/08/04,2344,Gaseosa Koka Kola Zero,50
20000511,Santa Maria,2012/06/11,2525,Aceite Vegetal,20,2012/06/14,22,Platos Plasticos,100,2012/07/05,2526,Papel Higienico Suave Sense,40,2012/07/12,1150,Pollo Entero,10,2012/07/16,2233,Cafe Tostado,30,2012/08/09,1233,Gaseosa Koka Kola,20,2012/08/11,6955,Jarras de Ceramica China,50
20101888,Articulos Mary,2012/05/21,22,Platos Plasticos, 100,2012/06/12,1002,Secador,50,2012/06/15,8585,Harina preparada de trigo Blanca Nieve Especial,25,2012/07/10,1150,Pollo Entero,10,2012/07/16,2233,Cafe Tostado,30,2012/08/29,2233,Cafe Tostado,10,2012/08/30,2233,Cafe Tostado,10
20201873,El Chimbotano,2012/06/02,2525,Aceite Vegetal,20,2012/06/04,8585,Harina preparada de trigo Blanca Nieve Especial,25,2012/06/17,2233,Cafe Tostado,30,2012/06/17,1233,Gaseosa Koka Kola,20,2012/06/28,2244,Galletas de Soda Sayon, 50
24121533,La Esquinita,2012/04/10,1002,Secador,50,2012/05/10,1233,Gaseosa Koka Kola,10,2012/06/15,0250,Huevos Pardos,20,2012/06/18,2525,Aceite Vegetal,40,2012/06/20,2526,Papel Higienico Suave Sense,20,2012/06/21,1150,Pollo Entero,5,2012/06/22,2233,Cafe Tostado, 40,2012/06/30,1233,Gaseosa Koka Kola,20,2012/07/10,6955,Jarras de Ceramica China,50,2012/07/12,0250,Huevos Pardos,40
