<?xml version="1.0" encoding="UTF-8"?>
<project-private xmlns="http://www.netbeans.org/ns/project-private/1">
    <data xmlns="http://www.netbeans.org/ns/make-project-private/1">
        <activeConfTypeElem>1</activeConfTypeElem>
        <activeConfIndexElem>0</activeConfIndexElem>
    </data>
    <editor-bookmarks xmlns="http://www.netbeans.org/ns/editor-bookmarks/2" lastBookmarkId="0"/>
    <open-files xmlns="http://www.netbeans.org/ns/projectui-open-files/2">
        <group>
            <file>file:/C:/Users/margo/OneDrive/Escritorio/Programación%202/lab%201%202022_!/Ventas_LP1_2022/Fuentes_Biblioteca_Ventas_20221/main.cpp</file>
            <file>file:/C:/Users/margo/OneDrive/Escritorio/Programación%202/lab%201%202022_!/Ventas_LP1_2022/Fuentes_Biblioteca_Ventas_20221/funciones.cpp</file>
            <file>file:/C:/Users/margo/OneDrive/Escritorio/Programación%202/lab%201%202022_!/Ventas_LP1_2022/Fuentes_Biblioteca_Ventas_20221/AperturaDeArchivos.h</file>
            <file>file:/C:/Users/margo/OneDrive/Escritorio/Programación%202/lab%201%202022_!/Ventas_LP1_2022/Fuentes_Biblioteca_Ventas_20221/Estructuras.h</file>
            <file>file:/C:/Users/margo/OneDrive/Escritorio/Programación%202/lab%201%202022_!/Ventas_LP1_2022/Fuentes_Biblioteca_Ventas_20221/funciones.h</file>
        </group>
    </open-files>
</project-private>
