43704548,Vizcardo/Maribel,960851431
36471787,Pena/Glenda,480411757
71422479,Lozada/Felicita,680516877
51465986,Sam/Ines,676247212
20371464,Lozada/Heli,915825030
36934113,Serrano/Arturo,343899369
15290194,Hernandez/Guillermo,624395862
85395219,Fuentes/Patricia,890128958
93961840,Pairazaman/Tatiana,753142166
61061535,Solis/Maria,737275515
62126128,Durand/Enrique,122222040
54815159,Patino/Delicia,206563313
91187814,Narvaez/Jesus,217355048
51642949,Miranda/Alfonso,922420457
45201670,Guevara/Milena,903110724
31284904,Sakaguchi/Carlos,703752482
93282118,Zambrano/Ofelia,138628867
34697743,Ayala/Ericka,587272727
68114999,Rios/Ines,893464725
95656771,Raffo/Rolando,685781560
54149342,Leyva/Diana,373707475
99891737,Contreras/Johana,973415589
93939698,Henriquez/Silvana,459353442
32538825,Hijar/Martin,552348311
63640178,Rodriguez/Blanca,979357318
35852072,Jauregui/Victor,954019148
72330000,Vega/Carmela,322515219
80694546,Ramirez/Karina,976115294
81647285,Vega/Henrry,966706570
72973662,Vargas/Daniel,323159471
93231760,Zarate/Alexander,896774499
77324146,Moscoso/Janet,740909448
51873364,Calixto/Erick,175280362
45914393,Lozada/Antonio,356363924
35347567,Sedano/Elia,470481309
34571095,Infantes/Luis,539722326
49357767,Solis/Rolando,268485732
13731806,Salamanca/Virginia,504346365
22679759,Bravo/Janet,639486017
94683380,Farfan/Margot,654189411
92275859,Egusquiza/Doris,340934240
35606314,Mercado/Elia,861780261
65912822,Camacho/Ydali,938453880
59561864,Rosemberg/Julio,762180890
59596317,Justino/Virginia,900594107
52313890,Rivero/Wilver,744249340
37282858,Soma/Lourdes,227523525
27709566,Ortiz/Raul,796752488
41964357,Arca/Magali,826306601
14956687,Luna/Waldemar,346368780
77440060,Escalante/Emigdio,261313606
62287143,Wong/Beatriz,146854741
28992638,Trigueros/Luz,114153263
53420926,Prado/Juan,470373331
86988155,Cerna/Cinthia,745522518
90367684,Sinche/Yvonne,783649119
22598563,Sueldo/Adria,253269588
30246960,Escalante/Ines,976841944
58643376,Arroyo/Natalia,444012515
81539774,Alfaro/Erick,683768197
17299012,Suarez/Amaru,296011887
12484697,Diaz/Enrique,331859358
57182371,Moscoso/Fiorella,531838148
66039166,Chavez/Johan,768705362
68269451,Asmad/Adria,233585092
75100362,Arca/Lucero,246213116
66091742,Baca/Milagros,845718743
