<?xml version="1.0" encoding="UTF-8"?>
<project-private xmlns="http://www.netbeans.org/ns/project-private/1">
    <data xmlns="http://www.netbeans.org/ns/make-project-private/1">
        <activeConfTypeElem>1</activeConfTypeElem>
        <activeConfIndexElem>0</activeConfIndexElem>
    </data>
    <editor-bookmarks xmlns="http://www.netbeans.org/ns/editor-bookmarks/2" lastBookmarkId="0"/>
    <open-files xmlns="http://www.netbeans.org/ns/projectui-open-files/2">
        <group>
            <file>file:/C:/Users/margo/OneDrive/Escritorio/Programación%202/ex2/ex2_2023_2/ExamenFinal_PREG3/ExamenFinal_PREG03/Vehiculo.cpp</file>
            <file>file:/C:/Users/margo/OneDrive/Escritorio/Programación%202/ex2/ex2_2023_2/ExamenFinal_PREG3/ExamenFinal_PREG03/Pedido.cpp</file>
            <file>file:/C:/Users/margo/OneDrive/Escritorio/Programación%202/ex2/ex2_2023_2/ExamenFinal_PREG3/ExamenFinal_PREG03/main.cpp</file>
            <file>file:/C:/Users/margo/OneDrive/Escritorio/Programación%202/ex2/ex2_2023_2/ExamenFinal_PREG3/ExamenFinal_PREG03/Nodo.cpp</file>
        </group>
    </open-files>
</project-private>
