202123703,GAMARRA TABORI PAUL RONAL,S,30,G5
202119153,MENDOZA ARIAS HENRY,G4
202113758,SOMA INGA DIALY,G1
202123373,ESCALANTE RARAZ BLANCA,G3
202127660,CHANG ARGUEDAS HENRY ANTONIO,S,25,G4
202112598,MORI ZAVALETA LUZ LOURDES,S,20,G1
202224569,RIVERA PASQUEL OFELIA CINTHIA,G5
202214628,PALOMARES GUEVARA KARINA,G5
202121791,GONZALES VELASQUEZ WALTER,S,25,G1
202224918,PORTUGAL GUEVARA HELI JOHANA,S,50,G5
202115802,MINAYA AMEZQUITA RHONY JAIME,G5
202318072,RIVERA MONTERO GLORIA OFELIA,V,G3
202112887,CABRERA AGUERO JESSICA,S,50,G2
202313065,RETT SERRANO RAFAEL RHONY,V,G2
202129611,MALDONADO CORREA LUCERO CAROLA,G2
202214712,CASANOVA CHUMPITAZ ALONSO,V,G2
202126490,TAVERA CORREA FERNANDO,S,50,G2
202313249,NORABUENA PAIRAZAMAN JULIAN,G3
202114739,VELASQUEZ CANO FERNANDO,S,50,G4
202319927,PATINO MEZA MANUEL,V,G3
202221155,CORRALES ZIMIC JAIME DANIEL,G5
202315724,VEGA SAENZ ALEXANDER RICHARD,S,50,G4
202125775,PRADO PAREDES JUAN,S,50,G3
202315643,IBEROS ZAMBRANO GONZALO,G2
202127344,DEL_POZO QUIO CESAR,V,G3
202318320,NORABUENA RIVERA GLORIA YESSICA,V,G5
202315318,FLORENCIO LAM PAUL RONALD,G3
202227316,RIVERO RETT RONY ANTONIO,S,30,G2
202225778,MUNOZ ZIMIC ROCIO DELICIA,S,50,G2
202313754,MALCA SAAVEDRA DORIS MILAGROS,S,30,G3
202217030,LUNA POLO SONIA,V,G3
202214204,DIAZ IBEROS GLENDA YESSICA,S,50,G4
202318383,GORDILLO BOLANOS ARTURO GONZALO,G3
202122715,VARGAS ZARATE VALENTINA,V,G1
202213745,CARO QUISPE JORGE,V,G1
202113223,DIAZ SEDANO YVONNE,S,30,G4
202211325,MORI ARROYO SHIRLEY,G3
202315763,CORREA AGUIRRE MOISES,S,30,G2
202129785,FARFAN RARAZ WALDEMAR,S,50,G4
202216995,LARRIEGA ARCA ISABEL MADELEINE,G5
202115400,SANTISTEBAN JUGO NESTOR,S,30,G1
202311247,SERRANO JOLAY RHONY ROLANDO,G5
202122742,ZAVALETA LOPEZ KARIN VIRGINIA,G5
202312000,LANDA CUEVA JOHAN,V,G4
202313122,CUBA NARVAEZ PAUL JOHN,G2
202219773,SANCHEZ CUBA NATALIA ESTEFANIA,S,50,G5
202316015,ALFARO FUENTES MAGDA,V,G3
202116038,SAONA ARIAS ALBERTO,S,25,G4
202114285,CHAVARRI ALDAVE FERNANDO MARTIN,S,25,G2
202316517,ZEGARRA CUBA ANTONIO,G2
202119958,QUISPE BERROCAL ANTONIO ALVARO DANIEL,G3
202111260,GORDILLO CASTRO RONAL,G2
202129735,MENDOZA CORREA JESUS CHRISTIAN,S,50,G5
202215067,JAUREGUI AGUERO HECTOR HENRY,S,50,G4
202319103,LEE VASQUEZ JENNY,V,G4
202111935,GUZMAN BARROS FELIPE,V,G3
202226249,WONG GALLO JANET MADELEINE,S,30,G1
202312501,CORTES REYES MARIBEL,V,G2
202125607,POZO JUGO ISABEL,G2
202215494,DE_LA_HAZA CASTRO EMIGDIO JOHNNY,S,30,G2
202219437,ZIMIC PAREDES SHIRLEY,S,25,G4
202116963,CORTEZ LEIVA SURAMI SILVIA,S,30,G4
202113179,PEREZ PEREZ BIANCA PATRICIA,V,G3
202123402,VIZCARDO MORI LUCERO ZKENIA,G1
202223508,AURIS JOLAY HENRY EDILBERTO,S,50,G5
202311748,PATINO FUENTES MILAGROS MARIELLA,V,G4
202226929,BOLANOS FUENTES JORGE,S,50,G2
202318318,TOKESHI GONZALES MARTIN,S,50,G1
202312360,VILCA BARRERA CESAR EDGAR,S,50,G5
202312050,LOYOLA HIJAR NICOLAS OSCAR,V,G4
202314919,CORTES CALIXTO ROSARIO,S,50,G5
202119707,MIRANDA LARRIEGA JUVENAL NESTOR,S,30,G2
202216453,MINAYA VIZCARRA JUVENAL,S,25,G3
202313627,CHAVEZ CARO YVONNE,V,G1
202129719,MAEIREIZO VASQUEZ LOURDES SILVIA,G2
202222447,VILCA JUSTINO MELVIN,V,G1
202111397,ZEVALLOS PRADO RICARDO,S,50,G2
202315527,JUSTINO COLLADO LUZ DELICIA,S,30,G3
