311343,YOGHURT FRESA NESTLE 1KG,%12.73,23.27,7.56,79140840,27/05/2019
696000,MEDIA CREMA NESTLE 1LT,%1.35,40.8,5.32,79475585,26/06/2020
455703,PALOMITAS POFETS FLAMIN HOT 28GR,6.88,10.54,83236386,7/08/2019
172692,BARRA DE HOGUELAS DE ARROZ Y TRIGO 24 GR,%3.33,4.83,5.6,33397650,5/01/2019
696000,MEDIA CREMA NESTLE 1LT,%1.35,40.8,0.85,71984468,7/08/2019
744237,ALUBIAS ANTIQUA 540GR,%8.19,17.85,0,46462527,16/08/2020
248223,LECHE EN POLVO NIDO KINDER 400GR,%2.09,39.84,3.48,33397650,29/07/2019
499460,TAMPICO CITRUS PUNCH 3.78LTS,%4.3,29.35,2.12,17913944,22/03/2021
200984,DONAS BIMBO 157.5GR 6 PZA PROMOCION,%8.1,10.77,5.11,33713901,23/08/2021
788630,SAZONADOR SPECIAL VALUE 453G,28.24,1.06,46462527,27/05/2019
826317,CHAMYTO BIG 114ML,7.58,3.8,79475585,14/05/2020
126218,TANJERINA,5.58,1.81,32821689,10/10/2020
588754,LIMONADA H2O 250ML,%4.82,8.58,0.69,17913944,13/08/2020
415932,SOPA MARUCHAN CAMARON 71GR,%10.53,7.68,11.11,46462527,6/06/2021
620036,SABRITAS ORIGINAL SAL 490GR,63.3,3.45,17913944,5/02/2021
406688,CHURROMAIS CON LIMON 38GR,%1.17,5.62,3.36,71378466,24/04/2019
434681,ELOTE DORADO DEL MONTE 225GR,5.92,9.36,57263719,27/07/2020
874884,BEBIDA NARANJA BEBERE 470ML,%13.59,6.72,11.3,33397650,7/08/2019
925916,PAPATINAS CHILIX 25GR,4.71,8.54,79475585,1/01/2021
613623,CHILE PASILLA MULATO LARGO 100GR,%12.13,18.19,6.9,62566305,23/11/2020
168505,GALLETAS CREMAX DE NIEVE VAINILLA 416GR,%7.99,26.76,11.87,62566305,19/12/2021
900698,VAINILLA MOLINA 500ML,%13.42,19.26,2.77,79140840,22/03/2021
428331,CHILE PUYA DE LOS ALTOS 100GR,10.85,10.01,79140840,22/03/2021
204890,LECHE YAQUI DESLACTOSADA 1LT,19.31,9.45,29847168,2/11/2021
459032,GELATINA DANY LIMON 125GR,5.38,3.3,81114108,5/11/2020
308982,YOGHURT P BEBER FRUGGIS FRESA 150GR,5.29,2.18,83236386,7/09/2020
731238,SOPA MARUCHAN POLLO 12 64GR,66.7,9.37,91897732,5/07/2021
219619,SALSA TERIYAKI KIKKOMAN B.EN GRASA 296ML,14.41,4.92,57263719,19/12/2021
997564,MANGO ECUATORIANO,%11.83,16.5,5.47,46462527,9/10/2019
311343,YOGHURT FRESA NESTLE 1KG,%12.73,23.27,2.62,48184351,18/04/2019
170844,EMPANIZADOR CONTADINA TRADICIONAL 283GR,16.5,7.2,33713901,19/03/2019
411461,VUALA CAJETA 84GR,%11.43,5.25,6.89,79475585,7/09/2020
151641,YOGHURT P BEBER LACTIGURT COCO 250G,9.87,11.6,81114108,19/12/2021
390920,AGUA NIAGARA 500ML,%0.94,5.64,3.6,32821689,9/03/2020
455703,PALOMITAS POFETS FLAMIN HOT 28GR,6.88,6.9,33397650,27/05/2019
631403,PAN DE MUERTO GRANDE,%2.63,25.42,2.81,81114108,6/10/2020
501182,HARINA DE ARROZ DULCE 454GR,21.13,4.83,71378466,1/01/2021
162581,ZENZO BAR FRESA 66GR,%9.41,4.05,6.14,81114108,5/02/2022
412041,TORTILLAS DE MAIZ 1KG,%7.91,14.93,11.12,33713901,26/01/2020
126218,TANJERINA,5.58,1.95,46462527,12/10/2019
631403,PAN DE MUERTO GRANDE,%2.63,25.42,10.32,32821689,1/07/2021
725312,SALSA DE CHILE PERON PURHEPECHA 260GR,%11.51,14.47,10.94,62566305,30/07/2020
308982,YOGHURT P BEBER FRUGGIS FRESA 150GR,5.29,1.12,71984468,6/10/2019
317404,LICUADO LALA CIRUELA PASA Y NUEZ 240GR,%5.13,10.89,0.52,33713901,9/03/2020
882099,NESQUIK CHOCOLATE 200GR,13.51,5.75,17913944,29/11/2021
948168,CONCHAS BIMBO 120GR,15.55,9.04,57263719,22/11/2021
151641,YOGHURT P BEBER LACTIGURT COCO 250G,9.87,11.5,76388967,9/05/2020
992564,LECHUGA ROMANA,20.79,9.37,83236386,3/08/2019
734979,TOSTILOCOS PREPARADOS,%4.83,25.53,7.45,17913944,15/10/2020
942003,ACHIOTE MARIN 130GR,8.71,8.61,32821689,3/10/2021
387889,CONDIMENTO PARA BIRRIA CUCU.,%10.56,80.95,2.24,76388967,21/04/2019
927404,GELATINA SABOR PI�A LIGHT LA GLORIA 25GR,%12.04,8.51,10.71,33397650,1/01/2021
793026,YOGHURT NATURAL LIGHT LALA 1KG,%4.7,25.86,2.84,33397650,11/11/2021
162581,ZENZO BAR FRESA 66GR,%9.41,4.05,4.2,32821689,10/02/2020
620036,SABRITAS ORIGINAL SAL 490GR,63.3,6.41,71984468,23/11/2020
412041,TORTILLAS DE MAIZ 1KG,%7.91,14.93,11.35,29847168,4/03/2020
311343,YOGHURT FRESA NESTLE 1KG,%12.73,23.27,9.82,79140840,18/05/2019
632129,VINAGRE BLANCO CLEMENTE JACQUES 3.8LT,24.29,5.29,76388967,5/01/2019
613623,CHILE PASILLA MULATO LARGO 100GR,%12.13,18.19,5.16,48184351,23/08/2021
714788,PAPA EN CUBOS DEL FUERTE 12 380GR.,9.53,4.36,48184351,31/05/2020
455703,PALOMITAS POFETS FLAMIN HOT 28GR,6.88,5.18,57263719,19/12/2021
520755,TE LIPTON NATURAL 100 226GR,%14.57,71.68,4.34,33397650,22/03/2021
311343,YOGHURT FRESA NESTLE 1KG,%12.73,23.27,6.3,91897732,5/01/2019
342342,SEMILLA DE ACELGA MINA,15.07,11.45,46462527,26/07/2019
118050,PAPAYA,20.99,8.64,33397650,7/10/2020
168505,GALLETAS CREMAX DE NIEVE VAINILLA 416GR,%7.99,26.76,5.5,33713901,20/10/2019
714788,PAPA EN CUBOS DEL FUERTE 12 380GR.,9.53,8.6,33397650,19/12/2021
961802,ACHIOTE LA EXTRA 1KG,%6.77,45.54,2.43,46462527,19/12/2021
444809,MAIZENA NATURAL 750GR,43.62,4.9,81114108,5/06/2020
748008,SANDWICH COMBINADA 3 FLORES 150GR,%3.18,8.23,4.93,17913944,20/10/2019
690039,CORAZONES DE OREJONA PZA,%14.32,10.79,1.66,62566305,27/02/2021
731238,SOPA MARUCHAN POLLO 12 64GR,66.7,6.39,76388967,5/01/2019
793026,YOGHURT NATURAL LIGHT LALA 1KG,%4.7,25.86,7.38,71378466,9/03/2020
565169,PASTILLA PEPTO BISMOL,%2.41,3.15,11.43,81114108,9/03/2020
423073,POLVO PARA HORNEAR REXAL 15KILOS,%5.67,350.22,4.04,33397650,1/01/2019
565169,PASTILLA PEPTO BISMOL,%2.41,3.15,11.59,48184351,23/11/2020
891590,MIEL DE ABEJA VIRGEN 1KG,%0.21,30.92,7.62,17913944,22/03/2021
882099,NESQUIK CHOCOLATE 200GR,13.51,1.08,83236386,3/10/2021
178097,CROQUETAS PEDIGREE BENEFUL 10.1KG,%12.84,270.88,9.01,33397650,27/05/2019
455703,PALOMITAS POFETS FLAMIN HOT 28GR,6.88,7.81,79475585,20/10/2019
170844,EMPANIZADOR CONTADINA TRADICIONAL 283GR,16.5,4.59,46462527,9/03/2020
923804,SAL BAJA PACIFIC BOLSA 1KGR,%5.11,5.26,6.74,81114108,13/07/2021
397718,LECHE LALA SEMI DESLACTOSADA 1LT,16.98,0.31,17913944,4/07/2021
753496,OREO C TROZOS DE CHOCOLATE 473ML,25.95,1.24,32821689,1/01/2021
744237,ALUBIAS ANTIQUA 540GR,%8.19,17.85,11.26,33713901,6/05/2019
620036,SABRITAS ORIGINAL SAL 490GR,63.3,2.38,79140840,28/05/2021
582920,PINGUINOS MARINELA 40GR,%7.02,4.4,1.16,29847168,20/10/2019
459032,GELATINA DANY LIMON 125GR,5.38,1.96,17913944,7/08/2019
714788,PAPA EN CUBOS DEL FUERTE 12 380GR.,9.53,11.52,91897732,9/11/2021
317404,LICUADO LALA CIRUELA PASA Y NUEZ 240GR,%5.13,10.89,0.56,71378466,19/12/2021
690039,CORAZONES DE OREJONA PZA,%14.32,10.79,8.38,33713901,20/10/2019
397718,LECHE LALA SEMI DESLACTOSADA 1LT,16.98,1.78,71378466,26/10/2020
469016,SEMILLAS DE CHILE HABANEROMANZANO.3GR,%7.75,15.31,9.89,71378466,29/05/2020
961627,FRIJOLES PUERCOS LILIS 500GR,%8.22,16.26,6.35,46462527,23/08/2021
874503,GALLETAS LORS SNACKS MARINELA 75GR,%8.69,9.54,8.02,71378466,1/01/2021
422763,GALLETAS SUAVICREMAS FRESA 158GR,13.85,6.44,91897732,26/06/2020
691890,NESCAFE DOLCA 200GR,%6.26,42.01,5.46,48184351,27/05/2019
778066,CHILES CHIPOTLES LA COSTENA 380GR,18.53,1.01,46462527,3/10/2021
132999,YOGHURT CON DURAZNO LALA 1KG,25.15,6.45,48184351,29/03/2022
462755,JUGO DE UVA MINUTE MAID 200ML,%8.24,4.39,5.07,79475585,9/03/2020
630286,REBANADAS BIMBO 110GR,%7.42,8.73,5.06,33397650,23/11/2020
825712,TORTILLAS DE HARINA DEL HOGAR 15PZAS,17.44,9.22,45783712,26/06/2020
462755,JUGO DE UVA MINUTE MAID 200ML,%8.24,4.39,3.76,57263719,19/05/2020
387889,CONDIMENTO PARA BIRRIA CUCU.,%10.56,80.95,11.71,91897732,3/10/2021
374588,BEBIDA DE SOYA ADES GUANABANA 946ML,%8.37,18.07,8.43,45783712,5/01/2019
582920,PINGUINOS MARINELA 40GR,%7.02,4.4,1.66,91897732,9/03/2021
734432,MAIZ POZOLERO TEASDALE 3.06KG,50.55,11.03,57263719,3/10/2021
415932,SOPA MARUCHAN CAMARON 71GR,%10.53,7.68,1.17,29847168,26/06/2020
690039,CORAZONES DE OREJONA PZA,%14.32,10.79,1.88,46462527,16/03/2021
511824,FLAN LALA SABOR VAINILLA 100GR,5.88,1.21,48184351,19/12/2021
748899,NARANJA SIN SEMILLA,10.24,9.7,45783712,27/09/2019
336973,CORNETO CLASSIC LOVE,%10.33,19.45,9.02,17913944,23/11/2020
691890,NESCAFE DOLCA 200GR,%6.26,42.01,1.35,17913944,20/10/2019
132999,YOGHURT CON DURAZNO LALA 1KG,25.15,3.93,46462527,26/06/2020
620036,SABRITAS ORIGINAL SAL 490GR,63.3,9.02,91897732,17/12/2021
244316,CHAMPINIONES TROCITOS MONTEBLANCO 380GR,%0.82,18.99,6.67,71984468,5/03/2021
994185,ANIS VERDE,95.95,4.47,46462527,29/05/2021
582920,PINGUINOS MARINELA 40GR,%7.02,4.4,1.56,81114108,27/05/2019
880988,TOSTADAS HORNEADAS DEL HOGAR 210GR,11.34,7.68,79140840,21/02/2022
485302,YOGHURT LALA FRESA 240GR,%7.62,6.68,5.99,71984468,28/11/2021
179485,MOLE SURTIDO CON ESPECIAS 250GR,25.11,11.68,48184351,9/03/2020
734432,MAIZ POZOLERO TEASDALE 3.06KG,50.55,2.6,79140840,17/07/2021
793026,YOGHURT NATURAL LIGHT LALA 1KG,%4.7,25.86,5.54,32821689,9/03/2020
126218,TANJERINA,5.58,1.47,57263719,7/09/2020
178097,CROQUETAS PEDIGREE BENEFUL 10.1KG,%12.84,270.88,4.49,29847168,2/08/2021
927404,GELATINA SABOR PI�A LIGHT LA GLORIA 25GR,%12.04,8.51,3.79,29847168,1/01/2021
162581,ZENZO BAR FRESA 66GR,%9.41,4.05,3.41,45783712,27/05/2019
731238,SOPA MARUCHAN POLLO 12 64GR,66.7,7.5,29847168,22/03/2021
511824,FLAN LALA SABOR VAINILLA 100GR,5.88,8.13,71984468,11/02/2022
317404,LICUADO LALA CIRUELA PASA Y NUEZ 240GR,%5.13,10.89,3.19,76388967,23/11/2020
311343,YOGHURT FRESA NESTLE 1KG,%12.73,23.27,4.92,81114108,19/05/2019
434681,ELOTE DORADO DEL MONTE 225GR,5.92,3.91,83236386,13/07/2019
582920,PINGUINOS MARINELA 40GR,%7.02,4.4,1.48,48184351,25/07/2019
244316,CHAMPINIONES TROCITOS MONTEBLANCO 380GR,%0.82,18.99,3.78,83236386,6/08/2020
182942,ZAPOTE,%3.71,28.39,6.93,81114108,7/09/2020
283781,FRIJOLES REFRITOS ISADORA 430GR,%1.92,13.28,7.9,45783712,7/09/2020
748899,NARANJA SIN SEMILLA,10.24,3.95,33713901,5/08/2020
374253,TE DE MANZANILLA NEBO 24 1GR,13.81,0.17,46462527,18/10/2019
