<?xml version="1.0" encoding="UTF-8"?>
<project-private xmlns="http://www.netbeans.org/ns/project-private/1">
    <data xmlns="http://www.netbeans.org/ns/make-project-private/1">
        <activeConfTypeElem>1</activeConfTypeElem>
        <activeConfIndexElem>0</activeConfIndexElem>
    </data>
    <editor-bookmarks xmlns="http://www.netbeans.org/ns/editor-bookmarks/2" lastBookmarkId="0"/>
    <open-files xmlns="http://www.netbeans.org/ns/projectui-open-files/2">
        <group>
            <file>file:/D:/Yo/5to%20ciclo/Programacion%202/Laboratorios/Lab_8_2023-2/LAB08_PREG01/Camion.cpp</file>
            <file>file:/D:/Yo/5to%20ciclo/Programacion%202/Laboratorios/Lab_8_2023-2/LAB08_PREG01/Vehiculos.csv</file>
            <file>file:/D:/Yo/5to%20ciclo/Programacion%202/Laboratorios/Lab_8_2023-2/LAB08_PREG01/main.cpp</file>
            <file>file:/D:/Yo/5to%20ciclo/Programacion%202/Laboratorios/Lab_8_2023-2/LAB08_PREG01/Furgon.cpp</file>
            <file>file:/D:/Yo/5to%20ciclo/Programacion%202/Laboratorios/Lab_8_2023-2/LAB08_PREG01/Flota.cpp</file>
            <file>file:/D:/Yo/5to%20ciclo/Programacion%202/Laboratorios/Lab_8_2023-2/LAB08_PREG01/NPedido.h</file>
            <file>file:/D:/Yo/5to%20ciclo/Programacion%202/Laboratorios/Lab_8_2023-2/LAB08_PREG01/LVehiculos.h</file>
            <file>file:/D:/Yo/5to%20ciclo/Programacion%202/Laboratorios/Lab_8_2023-2/LAB08_PREG01/Camion.h</file>
            <file>file:/D:/Yo/5to%20ciclo/Programacion%202/Laboratorios/Lab_8_2023-2/LAB08_PREG01/Flota.h</file>
            <file>file:/D:/Yo/5to%20ciclo/Programacion%202/Laboratorios/Lab_8_2023-2/LAB08_PREG01/LVehiculos.cpp</file>
            <file>file:/D:/Yo/5to%20ciclo/Programacion%202/Laboratorios/Lab_8_2023-2/LAB08_PREG01/Furgon.h</file>
            <file>file:/D:/Yo/5to%20ciclo/Programacion%202/Laboratorios/Lab_8_2023-2/LAB08_PREG01/Vehiculo.h</file>
            <file>file:/D:/Yo/5to%20ciclo/Programacion%202/Laboratorios/Lab_8_2023-2/LAB08_PREG01/Vehiculo.cpp</file>
            <file>file:/D:/Yo/5to%20ciclo/Programacion%202/Laboratorios/Lab_8_2023-2/LAB08_PREG01/NodoLista.h</file>
            <file>file:/D:/Yo/5to%20ciclo/Programacion%202/Laboratorios/Lab_8_2023-2/LAB08_PREG01/NodoLista.cpp</file>
            <file>file:/D:/Yo/5to%20ciclo/Programacion%202/Laboratorios/Lab_8_2023-2/LAB08_PREG01/NPedido.cpp</file>
        </group>
    </open-files>
</project-private>
