  34460612                               ,Morales Valverde Ines Martha
  42302422                                 ,Maldonado Ramirez Silvana 
  46582367                            ,Justino Forzani Ericka Victoria
  37751890                            ,Romero Palomares Gloria Tatiana
  69200503                                ,Norabuena Preciado Cinthia 
  36699613                           ,Mejia De La Haza Francisco Edgar
  51235238                                 ,Prado Falcon Edgar Richard
  60740809                                        ,Lozada Yino Martha 
  72832218                                   ,Vega Garcia Janet Rebeca
  47659552                                 ,Prado Vergel Carlos Julian
  54393647                                         ,Reyes Tang Edward 
  33583840                                ,Villa Yallico Tatiana Nancy
  27109544                                  ,Henriquez Espino Beatriz 
  65071478                                 ,Arroyo Gordillo Maria Heli
  38724322                                   ,Inga Flores Cesar Adolfo
  11750801                                   ,Raffo Arias Surami Annie
  32231860                                   ,Cerna Hijar Jose Rolando
  86898639                                  ,Pasquel Quio Surami Janet
  92240876                                 ,Mejia Diaz Blanca Milagros
  66747161                                    ,Vasquez Paz Alex Martin
  14268463                                  ,Diaz Correa Irma Virginia
  45834351                                     ,Santisteban Meza Rosa 
  17750908                                    ,Chumpitaz Iberos Ronal 
  65830353                                          ,Caro Polo Sandro 
  21344013                                ,Aquino Toro Valentina Rocio
  96056368                                   ,Raffo Chung Adria Gloria
  33958767                                ,Perez Farfan Richard Sandro
  67066631                                ,Arca Amezquita Edric Ronald
  20449598                            ,Velasquez Huayanay Edgard Henry
  15129661                                 ,Valverde Flores Irma Ydali
  87804471                               ,Diaz Antezano Magali Silvana
  45002711                                      ,Landeo Sueldo Adolfo 
  20610190                                  ,Auris Zimic Javier Daniel
  81082011                                    ,Shirakawa Ortega Angel 
  35030611                                ,Cabrera Luna Shirley Isabel
  61212473                                       ,Forzani Caro Alonso 
  88080249                                    ,Coronel Chumpitaz Heli 
  85870289                                  ,Paredes Patino Christian 
  83265244                                     ,Wong Martel Madeleine 
  81462164                       ,Fernandez Ortega Elizabeth Elizabeth
  14500753                         ,Delgado Gonzales Guillermo Alfonso
  79743481                                       ,Salas Aguero Daniel 
  49516360                                 ,Mendoza Egusquiza Rosario 
  37328103                             ,Palomares Vera Henrry Humberto
  45181396                                       ,Cerna Durand Martin 
  63602514                               ,Shirakawa Miranda Madeleine 
  57431952                                     ,Castro Suarez Rolando 
  58717040                            ,Cabrera Canales Guillermo Edric
  50860318                               ,Salazar Corrales Lorena Irma
  76693511                                   ,Laura Wong Melvin Henrry
  48053960                             ,Corrales Tsukazan Irma Lourdes
