<?xml version="1.0" encoding="UTF-8"?>
<configurationDescriptor version="100">
  <logicalFolder name="root" displayName="root" projectFiles="true" kind="ROOT">
    <logicalFolder name="HeaderFiles"
                   displayName="Header Files"
                   projectFiles="true">
      <itemPath>Administrativo.h</itemPath>
      <itemPath>ColaSol.h</itemPath>
      <itemPath>Docente.h</itemPath>
      <itemPath>Estudiante.h</itemPath>
      <itemPath>Libro.h</itemPath>
      <itemPath>NUsuario.h</itemPath>
      <itemPath>NodoCola.h</itemPath>
      <itemPath>Procesa.h</itemPath>
      <itemPath>Usuario.h</itemPath>
    </logicalFolder>
    <logicalFolder name="ResourceFiles"
                   displayName="Resource Files"
                   projectFiles="true">
    </logicalFolder>
    <logicalFolder name="SourceFiles"
                   displayName="Source Files"
                   projectFiles="true">
      <itemPath>Administrativo.cpp</itemPath>
      <itemPath>ColaSol.cpp</itemPath>
      <itemPath>Docente.cpp</itemPath>
      <itemPath>Estudiante.cpp</itemPath>
      <itemPath>NUsuario.cpp</itemPath>
      <itemPath>NodoCola.cpp</itemPath>
      <itemPath>Procesa.cpp</itemPath>
      <itemPath>main.cpp</itemPath>
    </logicalFolder>
    <logicalFolder name="TestFiles"
                   displayName="Test Files"
                   projectFiles="false"
                   kind="TEST_LOGICAL_FOLDER">
    </logicalFolder>
    <logicalFolder name="ExternalFiles"
                   displayName="Important Files"
                   projectFiles="false"
                   kind="IMPORTANT_FILES_FOLDER">
      <itemPath>Makefile</itemPath>
    </logicalFolder>
  </logicalFolder>
  <projectmakefile>Makefile</projectmakefile>
  <confs>
    <conf name="Debug" type="1">
      <toolsSet>
        <compilerSet>default</compilerSet>
        <dependencyChecking>true</dependencyChecking>
        <rebuildPropChanged>false</rebuildPropChanged>
      </toolsSet>
      <compileType>
        <ccTool>
          <standard>11</standard>
        </ccTool>
        <linkerTool>
          <linkerAddLib>
            <pElem>.</pElem>
          </linkerAddLib>
          <linkerLibItems>
            <linkerLibLibItem>libro</linkerLibLibItem>
            <linkerLibLibItem>usuario</linkerLibLibItem>
          </linkerLibItems>
        </linkerTool>
      </compileType>
      <item path="Administrativo.cpp" ex="false" tool="1" flavor2="0">
      </item>
      <item path="Administrativo.h" ex="false" tool="3" flavor2="0">
      </item>
      <item path="ColaSol.cpp" ex="false" tool="1" flavor2="0">
      </item>
      <item path="ColaSol.h" ex="false" tool="3" flavor2="0">
      </item>
      <item path="Docente.cpp" ex="false" tool="1" flavor2="0">
      </item>
      <item path="Docente.h" ex="false" tool="3" flavor2="0">
      </item>
      <item path="Estudiante.cpp" ex="false" tool="1" flavor2="0">
      </item>
      <item path="Estudiante.h" ex="false" tool="3" flavor2="0">
      </item>
      <item path="Libro.h" ex="false" tool="3" flavor2="0">
      </item>
      <item path="NUsuario.cpp" ex="false" tool="1" flavor2="0">
      </item>
      <item path="NUsuario.h" ex="false" tool="3" flavor2="0">
      </item>
      <item path="NodoCola.cpp" ex="false" tool="1" flavor2="0">
      </item>
      <item path="NodoCola.h" ex="false" tool="3" flavor2="0">
      </item>
      <item path="Procesa.cpp" ex="false" tool="1" flavor2="0">
      </item>
      <item path="Procesa.h" ex="false" tool="3" flavor2="0">
      </item>
      <item path="Usuario.h" ex="false" tool="3" flavor2="0">
      </item>
      <item path="main.cpp" ex="false" tool="1" flavor2="0">
      </item>
    </conf>
    <conf name="Release" type="1">
      <toolsSet>
        <compilerSet>default</compilerSet>
        <dependencyChecking>true</dependencyChecking>
        <rebuildPropChanged>false</rebuildPropChanged>
      </toolsSet>
      <compileType>
        <cTool>
          <developmentMode>5</developmentMode>
        </cTool>
        <ccTool>
          <developmentMode>5</developmentMode>
        </ccTool>
        <fortranCompilerTool>
          <developmentMode>5</developmentMode>
        </fortranCompilerTool>
        <asmTool>
          <developmentMode>5</developmentMode>
        </asmTool>
      </compileType>
      <item path="Administrativo.cpp" ex="false" tool="1" flavor2="0">
      </item>
      <item path="Administrativo.h" ex="false" tool="3" flavor2="0">
      </item>
      <item path="ColaSol.cpp" ex="false" tool="1" flavor2="0">
      </item>
      <item path="ColaSol.h" ex="false" tool="3" flavor2="0">
      </item>
      <item path="Docente.cpp" ex="false" tool="1" flavor2="0">
      </item>
      <item path="Docente.h" ex="false" tool="3" flavor2="0">
      </item>
      <item path="Estudiante.cpp" ex="false" tool="1" flavor2="0">
      </item>
      <item path="Estudiante.h" ex="false" tool="3" flavor2="0">
      </item>
      <item path="Libro.h" ex="false" tool="3" flavor2="0">
      </item>
      <item path="NUsuario.cpp" ex="false" tool="1" flavor2="0">
      </item>
      <item path="NUsuario.h" ex="false" tool="3" flavor2="0">
      </item>
      <item path="NodoCola.cpp" ex="false" tool="1" flavor2="0">
      </item>
      <item path="NodoCola.h" ex="false" tool="3" flavor2="0">
      </item>
      <item path="Procesa.cpp" ex="false" tool="1" flavor2="0">
      </item>
      <item path="Procesa.h" ex="false" tool="3" flavor2="0">
      </item>
      <item path="Usuario.h" ex="false" tool="3" flavor2="0">
      </item>
      <item path="main.cpp" ex="false" tool="1" flavor2="0">
      </item>
    </conf>
  </confs>
</configurationDescriptor>
