<?xml version="1.0" encoding="UTF-8"?>
<project-private xmlns="http://www.netbeans.org/ns/project-private/1">
    <data xmlns="http://www.netbeans.org/ns/make-project-private/1">
        <activeConfTypeElem>1</activeConfTypeElem>
        <activeConfIndexElem>0</activeConfIndexElem>
    </data>
    <editor-bookmarks xmlns="http://www.netbeans.org/ns/editor-bookmarks/2" lastBookmarkId="0"/>
    <open-files xmlns="http://www.netbeans.org/ns/projectui-open-files/2">
        <group>
            <file>file:/C:/Users/Enzo/Desktop/PUCP/FCI/Ciclo%202024-1/Programación%202/Proyectos%20Programación%202/Laboratorio%204/Lab04_2024_1_20220954_AVILA_ENZO/PunterosGenericos/main.cpp</file>
            <file>file:/C:/Users/Enzo/Desktop/PUCP/FCI/Ciclo%202024-1/Programación%202/Proyectos%20Programación%202/Laboratorio%204/Lab04_2024_1_20220954_AVILA_ENZO/PunterosGenericos/PunterosGenericos.cpp</file>
        </group>
    </open-files>
</project-private>
