<?xml version="1.0" encoding="UTF-8"?>
<project-private xmlns="http://www.netbeans.org/ns/project-private/1">
    <data xmlns="http://www.netbeans.org/ns/make-project-private/1">
        <activeConfTypeElem>1</activeConfTypeElem>
        <activeConfIndexElem>0</activeConfIndexElem>
    </data>
    <editor-bookmarks xmlns="http://www.netbeans.org/ns/editor-bookmarks/2" lastBookmarkId="0"/>
    <open-files xmlns="http://www.netbeans.org/ns/projectui-open-files/2">
        <group>
            <file>file:/D:/Universidad/Ciclo6/Programacion2/ProyectosEnCpp/LaboratoriosPorTemas/3ProgramacionOrientadaAObjetos/ClasesAutoreferenciadas/Proyecto_Lab10_2021_1/LAB10_PREG01/Leve.cpp</file>
            <file>file:/D:/Universidad/Ciclo6/Programacion2/ProyectosEnCpp/LaboratoriosPorTemas/3ProgramacionOrientadaAObjetos/ClasesAutoreferenciadas/Proyecto_Lab10_2021_1/LAB10_PREG01/Falta.h</file>
            <file>file:/D:/Universidad/Ciclo6/Programacion2/ProyectosEnCpp/LaboratoriosPorTemas/3ProgramacionOrientadaAObjetos/ClasesAutoreferenciadas/Proyecto_Lab10_2021_1/LAB10_PREG01/MuyGrave.cpp</file>
            <file>file:/D:/Universidad/Ciclo6/Programacion2/ProyectosEnCpp/LaboratoriosPorTemas/3ProgramacionOrientadaAObjetos/ClasesAutoreferenciadas/Proyecto_Lab10_2021_1/LAB10_PREG01/MuyGrave.h</file>
            <file>file:/D:/Universidad/Ciclo6/Programacion2/ProyectosEnCpp/LaboratoriosPorTemas/3ProgramacionOrientadaAObjetos/ClasesAutoreferenciadas/Proyecto_Lab10_2021_1/LAB10_PREG01/Falta.cpp</file>
            <file>file:/D:/Universidad/Ciclo6/Programacion2/ProyectosEnCpp/LaboratoriosPorTemas/3ProgramacionOrientadaAObjetos/ClasesAutoreferenciadas/Proyecto_Lab10_2021_1/LAB10_PREG01/NFalta.h</file>
            <file>file:/D:/Universidad/Ciclo6/Programacion2/ProyectosEnCpp/LaboratoriosPorTemas/3ProgramacionOrientadaAObjetos/ClasesAutoreferenciadas/Proyecto_Lab10_2021_1/LAB10_PREG01/Infraccion.cpp</file>
            <file>file:/D:/Universidad/Ciclo6/Programacion2/ProyectosEnCpp/LaboratoriosPorTemas/3ProgramacionOrientadaAObjetos/ClasesAutoreferenciadas/Proyecto_Lab10_2021_1/LAB10_PREG01/Infraccion.h</file>
            <file>file:/D:/Universidad/Ciclo6/Programacion2/ProyectosEnCpp/LaboratoriosPorTemas/3ProgramacionOrientadaAObjetos/ClasesAutoreferenciadas/Proyecto_Lab10_2021_1/LAB10_PREG01/NFalta.cpp</file>
            <file>file:/D:/Universidad/Ciclo6/Programacion2/ProyectosEnCpp/LaboratoriosPorTemas/3ProgramacionOrientadaAObjetos/ClasesAutoreferenciadas/Proyecto_Lab10_2021_1/LAB10_PREG01/main.cpp</file>
            <file>file:/D:/Universidad/Ciclo6/Programacion2/ProyectosEnCpp/LaboratoriosPorTemas/3ProgramacionOrientadaAObjetos/ClasesAutoreferenciadas/Proyecto_Lab10_2021_1/LAB10_PREG01/Grave.cpp</file>
            <file>file:/D:/Universidad/Ciclo6/Programacion2/ProyectosEnCpp/LaboratoriosPorTemas/3ProgramacionOrientadaAObjetos/ClasesAutoreferenciadas/Proyecto_Lab10_2021_1/LAB10_PREG01/Leve.h</file>
            <file>file:/D:/Universidad/Ciclo6/Programacion2/ProyectosEnCpp/LaboratoriosPorTemas/3ProgramacionOrientadaAObjetos/ClasesAutoreferenciadas/Proyecto_Lab10_2021_1/LAB10_PREG01/LFalta.cpp</file>
            <file>file:/D:/Universidad/Ciclo6/Programacion2/ProyectosEnCpp/LaboratoriosPorTemas/3ProgramacionOrientadaAObjetos/ClasesAutoreferenciadas/Proyecto_Lab10_2021_1/LAB10_PREG01/Grave.h</file>
            <file>file:/D:/Universidad/Ciclo6/Programacion2/ProyectosEnCpp/LaboratoriosPorTemas/3ProgramacionOrientadaAObjetos/ClasesAutoreferenciadas/Proyecto_Lab10_2021_1/LAB10_PREG01/LFalta.h</file>
        </group>
    </open-files>
</project-private>
