<?xml version="1.0" encoding="UTF-8"?>
<configurationDescriptor version="100">
  <logicalFolder name="root" displayName="root" projectFiles="true" kind="ROOT">
    <logicalFolder name="HeaderFiles"
                   displayName="Header Files"
                   projectFiles="true">
      <itemPath>ColaConEnteros.h</itemPath>
      <itemPath>ColaConProductos.h</itemPath>
      <itemPath>ColaGenerica.h</itemPath>
      <itemPath>Pregunta01Examen01PunterosMultiples.h</itemPath>
      <itemPath>Pregunta02Examen01PunterosGenericos.h</itemPath>
    </logicalFolder>
    <logicalFolder name="ResourceFiles"
                   displayName="Resource Files"
                   projectFiles="true">
    </logicalFolder>
    <logicalFolder name="SourceFiles"
                   displayName="Source Files"
                   projectFiles="true">
      <itemPath>ColaConEnteros.cpp</itemPath>
      <itemPath>ColaConProductos.cpp</itemPath>
      <itemPath>ColaGenerica.cpp</itemPath>
      <itemPath>Pregunta01Examen01PunterosMultiples.cpp</itemPath>
      <itemPath>Pregunta02Examen01PunterosGenericos.cpp</itemPath>
      <itemPath>main.cpp</itemPath>
    </logicalFolder>
    <logicalFolder name="TestFiles"
                   displayName="Test Files"
                   projectFiles="false"
                   kind="TEST_LOGICAL_FOLDER">
    </logicalFolder>
    <logicalFolder name="ExternalFiles"
                   displayName="Important Files"
                   projectFiles="false"
                   kind="IMPORTANT_FILES_FOLDER">
      <itemPath>Makefile</itemPath>
    </logicalFolder>
  </logicalFolder>
  <projectmakefile>Makefile</projectmakefile>
  <confs>
    <conf name="Debug" type="1">
      <toolsSet>
        <compilerSet>default</compilerSet>
        <dependencyChecking>true</dependencyChecking>
        <rebuildPropChanged>false</rebuildPropChanged>
      </toolsSet>
      <compileType>
        <linkerTool>
          <linkerAddLib>
            <pElem>.</pElem>
          </linkerAddLib>
        </linkerTool>
      </compileType>
      <item path="ColaConEnteros.cpp" ex="false" tool="1" flavor2="0">
      </item>
      <item path="ColaConEnteros.h" ex="false" tool="3" flavor2="0">
      </item>
      <item path="ColaConProductos.cpp" ex="false" tool="1" flavor2="0">
      </item>
      <item path="ColaConProductos.h" ex="false" tool="3" flavor2="0">
      </item>
      <item path="ColaGenerica.cpp" ex="false" tool="1" flavor2="0">
      </item>
      <item path="ColaGenerica.h" ex="false" tool="3" flavor2="0">
      </item>
      <item path="Pregunta01Examen01PunterosMultiples.cpp"
            ex="false"
            tool="1"
            flavor2="0">
      </item>
      <item path="Pregunta01Examen01PunterosMultiples.h"
            ex="false"
            tool="3"
            flavor2="0">
      </item>
      <item path="Pregunta02Examen01PunterosGenericos.cpp"
            ex="false"
            tool="1"
            flavor2="0">
      </item>
      <item path="Pregunta02Examen01PunterosGenericos.h"
            ex="false"
            tool="3"
            flavor2="0">
      </item>
      <item path="main.cpp" ex="false" tool="1" flavor2="0">
      </item>
    </conf>
    <conf name="Release" type="1">
      <toolsSet>
        <compilerSet>default</compilerSet>
        <dependencyChecking>true</dependencyChecking>
        <rebuildPropChanged>false</rebuildPropChanged>
      </toolsSet>
      <compileType>
        <cTool>
          <developmentMode>5</developmentMode>
        </cTool>
        <ccTool>
          <developmentMode>5</developmentMode>
        </ccTool>
        <fortranCompilerTool>
          <developmentMode>5</developmentMode>
        </fortranCompilerTool>
        <asmTool>
          <developmentMode>5</developmentMode>
        </asmTool>
      </compileType>
      <item path="ColaConEnteros.cpp" ex="false" tool="1" flavor2="0">
      </item>
      <item path="ColaConEnteros.h" ex="false" tool="3" flavor2="0">
      </item>
      <item path="ColaConProductos.cpp" ex="false" tool="1" flavor2="0">
      </item>
      <item path="ColaConProductos.h" ex="false" tool="3" flavor2="0">
      </item>
      <item path="ColaGenerica.cpp" ex="false" tool="1" flavor2="0">
      </item>
      <item path="ColaGenerica.h" ex="false" tool="3" flavor2="0">
      </item>
      <item path="Pregunta01Examen01PunterosMultiples.cpp"
            ex="false"
            tool="1"
            flavor2="0">
      </item>
      <item path="Pregunta01Examen01PunterosMultiples.h"
            ex="false"
            tool="3"
            flavor2="0">
      </item>
      <item path="Pregunta02Examen01PunterosGenericos.cpp"
            ex="false"
            tool="1"
            flavor2="0">
      </item>
      <item path="Pregunta02Examen01PunterosGenericos.h"
            ex="false"
            tool="3"
            flavor2="0">
      </item>
      <item path="main.cpp" ex="false" tool="1" flavor2="0">
      </item>
    </conf>
  </confs>
</configurationDescriptor>
