<?xml version="1.0" encoding="UTF-8"?>
<project-private xmlns="http://www.netbeans.org/ns/project-private/1">
    <data xmlns="http://www.netbeans.org/ns/make-project-private/1">
        <activeConfTypeElem>1</activeConfTypeElem>
        <activeConfIndexElem>0</activeConfIndexElem>
    </data>
    <editor-bookmarks xmlns="http://www.netbeans.org/ns/editor-bookmarks/2" lastBookmarkId="0"/>
    <open-files xmlns="http://www.netbeans.org/ns/projectui-open-files/2">
        <group>
            <file>file:/C:/Users/Enzo/Desktop/PUCP/FCI/Ciclo%202024-1/Programación%202/Proyectos%20Programación%202/Examen%20Final/20220954_AVILA_ENZO_EX_FINAL_2023_1/Pregunta01_Parte01_Alumnos_Notas/ListaDoble.h</file>
            <file>file:/C:/Users/Enzo/Desktop/PUCP/FCI/Ciclo%202024-1/Programación%202/Proyectos%20Programación%202/Examen%20Final/20220954_AVILA_ENZO_EX_FINAL_2023_1/Pregunta01_Parte01_Alumnos_Notas/main.cpp</file>
            <file>file:/C:/Users/Enzo/Desktop/PUCP/FCI/Ciclo%202024-1/Programación%202/Proyectos%20Programación%202/Examen%20Final/20220954_AVILA_ENZO_EX_FINAL_2023_1/Pregunta01_Parte01_Alumnos_Notas/AlumnoNotas.h</file>
            <file>file:/C:/Users/Enzo/Desktop/PUCP/FCI/Ciclo%202024-1/Programación%202/Proyectos%20Programación%202/Examen%20Final/20220954_AVILA_ENZO_EX_FINAL_2023_1/Pregunta01_Parte01_Alumnos_Notas/Facultad.h</file>
            <file>file:/C:/Users/Enzo/Desktop/PUCP/FCI/Ciclo%202024-1/Programación%202/Proyectos%20Programación%202/Examen%20Final/20220954_AVILA_ENZO_EX_FINAL_2023_1/Pregunta01_Parte01_Alumnos_Notas/AlumnoNotas.cpp</file>
            <file>file:/C:/Users/Enzo/Desktop/PUCP/FCI/Ciclo%202024-1/Programación%202/Proyectos%20Programación%202/Examen%20Final/20220954_AVILA_ENZO_EX_FINAL_2023_1/Pregunta01_Parte01_Alumnos_Notas/Facultad.cpp</file>
            <file>file:/C:/Users/Enzo/Desktop/PUCP/FCI/Ciclo%202024-1/Programación%202/Proyectos%20Programación%202/Examen%20Final/20220954_AVILA_ENZO_EX_FINAL_2023_1/Pregunta01_Parte01_Alumnos_Notas/Alumno.cpp</file>
            <file>file:/C:/Users/Enzo/Desktop/PUCP/FCI/Ciclo%202024-1/Programación%202/Proyectos%20Programación%202/Examen%20Final/20220954_AVILA_ENZO_EX_FINAL_2023_1/Pregunta01_Parte01_Alumnos_Notas/Nota.h</file>
            <file>file:/C:/Users/Enzo/Desktop/PUCP/FCI/Ciclo%202024-1/Programación%202/Proyectos%20Programación%202/Examen%20Final/20220954_AVILA_ENZO_EX_FINAL_2023_1/Pregunta01_Parte01_Alumnos_Notas/Alumno.h</file>
            <file>file:/C:/Users/Enzo/Desktop/PUCP/FCI/Ciclo%202024-1/Programación%202/Proyectos%20Programación%202/Examen%20Final/20220954_AVILA_ENZO_EX_FINAL_2023_1/Pregunta01_Parte01_Alumnos_Notas/Nodo.cpp</file>
            <file>file:/C:/Users/Enzo/Desktop/PUCP/FCI/Ciclo%202024-1/Programación%202/Proyectos%20Programación%202/Examen%20Final/20220954_AVILA_ENZO_EX_FINAL_2023_1/Pregunta01_Parte01_Alumnos_Notas/ListaDoble.cpp</file>
            <file>file:/C:/Users/Enzo/Desktop/PUCP/FCI/Ciclo%202024-1/Programación%202/Proyectos%20Programación%202/Examen%20Final/20220954_AVILA_ENZO_EX_FINAL_2023_1/Pregunta01_Parte01_Alumnos_Notas/Nodo.h</file>
            <file>file:/C:/Users/Enzo/Desktop/PUCP/FCI/Ciclo%202024-1/Programación%202/Proyectos%20Programación%202/Examen%20Final/20220954_AVILA_ENZO_EX_FINAL_2023_1/Pregunta01_Parte01_Alumnos_Notas/Nota.cpp</file>
        </group>
    </open-files>
</project-private>
