<?xml version="1.0" encoding="UTF-8"?>
<project-private xmlns="http://www.netbeans.org/ns/project-private/1">
    <data xmlns="http://www.netbeans.org/ns/make-project-private/1">
        <activeConfTypeElem>1</activeConfTypeElem>
        <activeConfIndexElem>0</activeConfIndexElem>
    </data>
    <editor-bookmarks xmlns="http://www.netbeans.org/ns/editor-bookmarks/2" lastBookmarkId="0"/>
    <open-files xmlns="http://www.netbeans.org/ns/projectui-open-files/2">
        <group>
            <file>file:/C:/Users/Enzo/Desktop/PUCP/FCI/Ciclo%202024-1/Programación%202/Proyectos%20Programación%202/Laboratorio%206/20220954_LAB06_2023_2/LAB06_PREG02_ALMACEN/Cliente.h</file>
            <file>file:/C:/Users/Enzo/Desktop/PUCP/FCI/Ciclo%202024-1/Programación%202/Proyectos%20Programación%202/Laboratorio%206/20220954_LAB06_2023_2/LAB06_PREG02_ALMACEN/ProductoEntregado.h</file>
            <file>file:/C:/Users/Enzo/Desktop/PUCP/FCI/Ciclo%202024-1/Programación%202/Proyectos%20Programación%202/Laboratorio%206/20220954_LAB06_2023_2/LAB06_PREG02_ALMACEN/main.cpp</file>
            <file>file:/C:/Users/Enzo/Desktop/PUCP/FCI/Ciclo%202024-1/Programación%202/Proyectos%20Programación%202/Laboratorio%206/20220954_LAB06_2023_2/LAB06_PREG02_ALMACEN/Pedido.h</file>
            <file>file:/C:/Users/Enzo/Desktop/PUCP/FCI/Ciclo%202024-1/Programación%202/Proyectos%20Programación%202/Laboratorio%206/20220954_LAB06_2023_2/LAB06_PREG02_ALMACEN/Almacen.cpp</file>
            <file>file:/C:/Users/Enzo/Desktop/PUCP/FCI/Ciclo%202024-1/Programación%202/Proyectos%20Programación%202/Laboratorio%206/20220954_LAB06_2023_2/LAB06_PREG02_ALMACEN/Almacen.h</file>
            <file>file:/C:/Users/Enzo/Desktop/PUCP/FCI/Ciclo%202024-1/Programación%202/Proyectos%20Programación%202/Laboratorio%206/20220954_LAB06_2023_2/LAB06_PREG02_ALMACEN/Producto.h</file>
            <file>file:/C:/Users/Enzo/Desktop/PUCP/FCI/Ciclo%202024-1/Programación%202/Proyectos%20Programación%202/Laboratorio%206/20220954_LAB06_2023_2/LAB06_PREG02_ALMACEN/Pedido.cpp</file>
        </group>
    </open-files>
</project-private>
