378708,SAENZ ARANDA WILMER,23455.6
140158,CALIXTO TORRES MIGUEL,12363.223
349213,ZARATE URBINA DELIA,2353.90
275448,ZAMORA CABRERA CARMEN,87254.92
530367,CABRERA MORENO DELIA ESTEFANIA,16625.4
510907,FLORENCIO POLO FIORELLA ERIKA,6220.0
250612,CHUNG ZUNIGA ZKENIA IRMA,23672.50
870138,CASTILLO MEJIA GUSTAVO ALONSO,32878.35
514787,JOLAY CHUMPITAZ WALTER,7328.23
919777,TABORI ARIAS ROSARIO,2172.12
640279,CESAR JAIME RODRIGUEZ SERRANO,3289.50
350118,VILCARA JUGO JULIO,9283.80
220562,AMEZQUITA CONTRERAS HUMBERTO ALFONSO,6531.87
810557,SHIRAKAWA FLORIAN JAIME JULIAN,47123.45
