<?xml version="1.0" encoding="UTF-8"?>
<project-private xmlns="http://www.netbeans.org/ns/project-private/1">
    <data xmlns="http://www.netbeans.org/ns/make-project-private/1">
        <activeConfTypeElem>1</activeConfTypeElem>
        <activeConfIndexElem>0</activeConfIndexElem>
    </data>
    <editor-bookmarks xmlns="http://www.netbeans.org/ns/editor-bookmarks/2" lastBookmarkId="0"/>
    <open-files xmlns="http://www.netbeans.org/ns/projectui-open-files/2">
        <group>
            <file>file:/C:/Users/Enzo/Desktop/PUCP/FCI/Ciclo%202024-1/Programación%202/Proyectos%20Programación%202/Laboratorio%207/20220954_AVILA_ENZO_Lab08_2023_1/LAB08_PREG01/Escala.cpp</file>
            <file>file:/C:/Users/Enzo/Desktop/PUCP/FCI/Ciclo%202024-1/Programación%202/Proyectos%20Programación%202/Laboratorio%207/20220954_AVILA_ENZO_Lab08_2023_1/LAB08_PREG01/Tesoreria.cpp</file>
            <file>file:/C:/Users/Enzo/Desktop/PUCP/FCI/Ciclo%202024-1/Programación%202/Proyectos%20Programación%202/Laboratorio%207/20220954_AVILA_ENZO_Lab08_2023_1/LAB08_PREG01/Virtual.h</file>
            <file>file:/C:/Users/Enzo/Desktop/PUCP/FCI/Ciclo%202024-1/Programación%202/Proyectos%20Programación%202/Laboratorio%207/20220954_AVILA_ENZO_Lab08_2023_1/LAB08_PREG01/Escala.h</file>
            <file>file:/C:/Users/Enzo/Desktop/PUCP/FCI/Ciclo%202024-1/Programación%202/Proyectos%20Programación%202/Laboratorio%207/20220954_AVILA_ENZO_Lab08_2023_1/LAB08_PREG01/Presencial.cpp</file>
            <file>file:/C:/Users/Enzo/Desktop/PUCP/FCI/Ciclo%202024-1/Programación%202/Proyectos%20Programación%202/Laboratorio%207/20220954_AVILA_ENZO_Lab08_2023_1/LAB08_PREG01/main.cpp</file>
            <file>file:/C:/Users/Enzo/Desktop/PUCP/FCI/Ciclo%202024-1/Programación%202/Proyectos%20Programación%202/Laboratorio%207/20220954_AVILA_ENZO_Lab08_2023_1/LAB08_PREG01/Tesoreria.h</file>
            <file>file:/C:/Users/Enzo/Desktop/PUCP/FCI/Ciclo%202024-1/Programación%202/Proyectos%20Programación%202/Laboratorio%207/20220954_AVILA_ENZO_Lab08_2023_1/LAB08_PREG01/Virtual.cpp</file>
            <file>file:/C:/Users/Enzo/Desktop/PUCP/FCI/Ciclo%202024-1/Programación%202/Proyectos%20Programación%202/Laboratorio%207/20220954_AVILA_ENZO_Lab08_2023_1/LAB08_PREG01/Alumno.h</file>
            <file>file:/C:/Users/Enzo/Desktop/PUCP/FCI/Ciclo%202024-1/Programación%202/Proyectos%20Programación%202/Laboratorio%207/20220954_AVILA_ENZO_Lab08_2023_1/LAB08_PREG01/Alumno.cpp</file>
            <file>file:/C:/Users/Enzo/Desktop/PUCP/FCI/Ciclo%202024-1/Programación%202/Proyectos%20Programación%202/Laboratorio%207/20220954_AVILA_ENZO_Lab08_2023_1/LAB08_PREG01/Semipresencial.h</file>
            <file>file:/C:/Users/Enzo/Desktop/PUCP/FCI/Ciclo%202024-1/Programación%202/Proyectos%20Programación%202/Laboratorio%207/20220954_AVILA_ENZO_Lab08_2023_1/LAB08_PREG01/Presencial.h</file>
            <file>file:/C:/Users/Enzo/Desktop/PUCP/FCI/Ciclo%202024-1/Programación%202/Proyectos%20Programación%202/Laboratorio%207/20220954_AVILA_ENZO_Lab08_2023_1/LAB08_PREG01/Semipresencial.cpp</file>
        </group>
    </open-files>
</project-private>
