<?xml version="1.0" encoding="UTF-8"?>
<project-private xmlns="http://www.netbeans.org/ns/project-private/1">
    <data xmlns="http://www.netbeans.org/ns/make-project-private/1">
        <activeConfTypeElem>1</activeConfTypeElem>
        <activeConfIndexElem>0</activeConfIndexElem>
    </data>
    <editor-bookmarks xmlns="http://www.netbeans.org/ns/editor-bookmarks/2" lastBookmarkId="0"/>
    <open-files xmlns="http://www.netbeans.org/ns/projectui-open-files/2">
        <group>
            <file>file:/C:/Users/Enzo/Desktop/PUCP/FCI/Ciclo%202024-1/Programación%202/Proyectos%20Programación%202/Laboratorio%208/20220954_AVILA_ENZO_Lab09_2020_2/Laboratorio09_2020_2/Paciente.h</file>
            <file>file:/C:/Users/Enzo/Desktop/PUCP/FCI/Ciclo%202024-1/Programación%202/Proyectos%20Programación%202/Laboratorio%208/20220954_AVILA_ENZO_Lab09_2020_2/Laboratorio09_2020_2/ListaPacientes.h</file>
            <file>file:/C:/Users/Enzo/Desktop/PUCP/FCI/Ciclo%202024-1/Programación%202/Proyectos%20Programación%202/Laboratorio%208/20220954_AVILA_ENZO_Lab09_2020_2/Laboratorio09_2020_2/Ambulatorio.h</file>
            <file>file:/C:/Users/Enzo/Desktop/PUCP/FCI/Ciclo%202024-1/Programación%202/Proyectos%20Programación%202/Laboratorio%208/20220954_AVILA_ENZO_Lab09_2020_2/Laboratorio09_2020_2/NodoPaciente.h</file>
            <file>file:/C:/Users/Enzo/Desktop/PUCP/FCI/Ciclo%202024-1/Programación%202/Proyectos%20Programación%202/Laboratorio%208/20220954_AVILA_ENZO_Lab09_2020_2/Laboratorio09_2020_2/Ambulatorio.cpp</file>
            <file>file:/C:/Users/Enzo/Desktop/PUCP/FCI/Ciclo%202024-1/Programación%202/Proyectos%20Programación%202/Laboratorio%208/20220954_AVILA_ENZO_Lab09_2020_2/Laboratorio09_2020_2/main.cpp</file>
            <file>file:/C:/Users/Enzo/Desktop/PUCP/FCI/Ciclo%202024-1/Programación%202/Proyectos%20Programación%202/Laboratorio%208/20220954_AVILA_ENZO_Lab09_2020_2/Laboratorio09_2020_2/NodoPaciente.cpp</file>
            <file>file:/C:/Users/Enzo/Desktop/PUCP/FCI/Ciclo%202024-1/Programación%202/Proyectos%20Programación%202/Laboratorio%208/20220954_AVILA_ENZO_Lab09_2020_2/Laboratorio09_2020_2/Emergencia.cpp</file>
            <file>file:/C:/Users/Enzo/Desktop/PUCP/FCI/Ciclo%202024-1/Programación%202/Proyectos%20Programación%202/Laboratorio%208/20220954_AVILA_ENZO_Lab09_2020_2/Laboratorio09_2020_2/ListaPacientes.cpp</file>
            <file>file:/C:/Users/Enzo/Desktop/PUCP/FCI/Ciclo%202024-1/Programación%202/Proyectos%20Programación%202/Laboratorio%208/20220954_AVILA_ENZO_Lab09_2020_2/Laboratorio09_2020_2/Paciente.cpp</file>
            <file>file:/C:/Users/Enzo/Desktop/PUCP/FCI/Ciclo%202024-1/Programación%202/Proyectos%20Programación%202/Laboratorio%208/20220954_AVILA_ENZO_Lab09_2020_2/Laboratorio09_2020_2/Emergencia.h</file>
        </group>
    </open-files>
</project-private>
